aX,aY,aZ,gX,gY,gZ
-0.214,-0.829,-0.032,-2.808,40.649,0.977
-0.074,-0.826,-0.040,-0.488,43.823,-5.005
-0.033,-0.818,-0.117,-6.348,36.682,-6.104
-0.061,-0.795,-0.119,-12.146,29.968,0.000
-0.136,-0.741,-0.140,-15.015,28.625,10.193
-0.154,-0.678,-0.140,-15.503,33.020,24.475
-0.169,-0.823,-0.182,-14.954,38.574,33.875
-0.172,-0.727,-0.175,-17.273,41.016,36.438
-0.187,-0.770,-0.147,-13.611,47.913,39.307
-0.206,-0.806,-0.128,-9.644,49.988,40.344
-0.252,-0.830,-0.124,-8.972,46.021,33.020
-0.253,-0.834,-0.117,-9.094,36.133,18.250
-0.254,-0.721,-0.148,-8.118,27.954,3.723
-0.207,-0.730,-0.131,-4.089,25.269,-2.380
-0.199,-0.668,-0.159,-5.981,17.883,-6.348
-0.193,-0.611,-0.152,-6.958,15.747,-8.057
-0.141,-0.646,-0.139,-6.775,17.395,-4.456
-0.117,-0.569,-0.125,-13.000,15.991,-3.662
-0.062,-0.532,-0.109,-16.174,20.142,-1.526
-0.029,-0.551,-0.106,-22.400,23.315,6.165
-0.064,-0.566,-0.089,-29.175,26.123,13.550
-0.116,-0.567,-0.074,-31.738,29.907,18.433
-0.135,-0.558,-0.067,-33.081,33.386,21.118
-0.164,-0.555,-0.067,-34.546,33.691,18.616
-0.204,-0.559,-0.064,-34.729,32.104,11.230
-0.224,-0.550,-0.066,-35.645,29.724,3.479
-0.206,-0.557,-0.061,-37.231,25.757,-2.258
-0.245,-0.547,-0.075,-40.283,18.677,-6.592
-0.288,-0.597,-0.050,-41.443,15.015,-7.568
-0.335,-0.670,-0.040,-41.199,13.062,-9.827
-0.383,-0.742,-0.013,-43.152,8.911,-14.954
-0.439,-0.844,-0.006,-46.448,2.441,-19.287
-0.462,-0.970,0.028,-46.692,-1.343,-26.489
-0.489,-1.117,0.043,-45.715,-4.578,-32.410
-0.527,-1.307,0.072,-50.110,-6.531,-35.400
-0.568,-1.574,0.117,-56.641,-6.226,-41.809
-0.588,-1.874,0.171,-60.425,-4.456,-53.894
-0.638,-2.281,0.219,-62.012,-3.235,-70.068
-0.727,-2.755,0.246,-58.899,-3.357,-79.590
-0.840,-3.135,0.263,-47.119,-3.540,-72.998
-0.993,-3.393,0.275,-30.701,-4.395,-54.199
-1.115,-3.513,0.277,-17.456,-6.409,-31.555
-1.177,-3.573,0.258,-7.568,-9.705,-10.864
-1.209,-3.581,0.248,0.610,-14.832,7.874
-1.200,-3.512,0.246,8.850,-22.888,28.076
-1.149,-3.368,0.244,18.188,-34.119,49.744
-1.092,-3.167,0.270,26.917,-45.776,74.036
-1.037,-2.918,0.318,31.372,-54.749,97.229
-0.994,-2.721,0.359,32.227,-58.716,114.502
-0.970,-2.539,0.403,34.485,-56.824,127.075
-0.932,-2.349,0.426,39.917,-51.697,141.052
-0.895,-2.155,0.464,46.204,-46.387,159.302
-0.900,-1.943,0.511,52.917,-43.884,180.420
-0.863,-1.668,0.552,60.486,-40.344,198.853
-0.762,-1.411,0.544,65.125,-33.325,209.229
-0.680,-1.176,0.493,70.862,-26.489,215.210
-0.653,-0.937,0.459,81.360,-21.790,222.351
-0.613,-0.646,0.430,93.872,-18.188,228.394
-0.525,-0.344,0.377,101.379,-13.611,229.065
-0.400,-0.068,0.284,103.210,-7.202,224.182
-0.296,0.130,0.183,103.577,-1.343,217.834
-0.250,0.339,0.127,104.187,1.770,214.050
-0.228,0.546,0.066,105.408,3.662,211.609
-0.207,0.779,-0.011,107.971,6.531,208.374
-0.123,0.991,-0.043,109.985,11.475,203.979
-0.051,1.186,-0.094,106.140,11.536,199.646
0.026,1.374,-0.133,96.436,12.817,190.857
0.092,1.506,-0.139,86.365,16.174,181.702
0.100,1.593,-0.119,73.730,20.081,173.645
0.098,1.645,-0.084,55.481,22.156,161.621
0.121,1.681,-0.071,34.058,21.729,140.259
0.113,1.692,-0.063,12.024,16.602,110.291
0.081,1.656,-0.063,-5.920,10.864,76.660
0.022,1.587,-0.037,-15.015,6.104,40.344
0.003,1.572,-0.030,-16.602,-1.465,-1.404
0.020,1.577,-0.049,-13.733,-11.047,-46.997
0.001,1.567,-0.059,-10.986,-20.813,-91.797
0.001,1.579,-0.072,-10.071,-30.090,-134.521
0.051,1.554,-0.083,-11.780,-35.156,-174.011
0.083,1.520,-0.097,-14.526,-35.034,-201.050
0.048,1.527,-0.102,-22.644,-30.457,-212.280
-0.062,1.477,-0.088,-36.499,-21.790,-214.478
-0.170,1.389,-0.092,-57.312,-11.719,-215.210
-0.296,1.231,-0.076,-80.872,-2.930,-215.637
-0.468,0.958,-0.000,-100.159,4.395,-213.440
-0.677,0.652,0.095,-113.464,10.681,-208.862
-0.947,0.291,0.197,-125.977,10.986,-202.332
-1.193,-0.157,0.323,-141.052,3.235,-196.716
-1.386,-0.726,0.476,-155.457,-8.423,-194.946
-1.523,-1.354,0.603,-164.062,-22.156,-197.266
-1.560,-1.930,0.709,-161.804,-35.217,-200.073
-1.428,-2.383,0.781,-151.978,-45.227,-202.087
-1.215,-2.689,0.781,-138.794,-50.476,-199.402
-1.063,-2.938,0.775,-126.099,-49.194,-180.359
-0.951,-3.107,0.738,-113.220,-41.931,-146.851
-0.856,-3.129,0.687,-100.037,-31.372,-110.718
-0.737,-3.027,0.619,-86.304,-20.386,-83.313
-0.612,-2.892,0.535,-72.449,-10.803,-66.406
-0.523,-2.763,0.459,-60.974,-6.836,-52.673
-0.472,-2.634,0.407,-48.645,-8.606,-42.969
-0.396,-2.507,0.371,-32.043,-13.123,-40.283
-0.371,-2.397,0.335,-12.085,-20.142,-40.405
-0.365,-2.258,0.311,6.775,-27.222,-42.786
-0.350,-2.093,0.295,21.240,-30.457,-47.302
-0.320,-1.975,0.286,30.579,-29.053,-51.880
-0.309,-1.914,0.277,33.630,-24.414,-55.237
-0.277,-1.850,0.267,36.682,-16.785,-55.542
-0.269,-1.741,0.245,40.710,-8.179,-50.232
-0.297,-1.641,0.213,41.809,-2.014,-41.016
-0.331,-1.557,0.189,36.926,1.465,-30.640
-0.355,-1.505,0.182,27.344,3.052,-23.010
-0.356,-1.497,0.171,20.569,3.845,-18.921
-0.347,-1.500,0.167,16.296,3.601,-12.695
-0.337,-1.481,0.164,15.381,1.831,-4.578
-0.317,-1.436,0.162,17.029,-0.610,0.671
-0.300,-1.392,0.167,19.409,-2.380,2.686
-0.276,-1.350,0.179,21.912,-3.296,1.404
-0.238,-1.323,0.184,23.987,-3.174,-0.427
-0.179,-1.269,0.177,25.452,-1.221,1.038
-0.295,-0.956,0.028,-0.061,0.549,2.563
-0.298,-0.953,0.029,-0.488,0.854,3.235
-0.301,-0.948,0.029,-0.305,0.671,2.136
-0.303,-0.934,0.027,-0.183,0.366,0.916
-0.302,-0.918,0.024,-0.122,0.000,-0.427
-0.296,-0.905,0.021,-1.038,-0.122,-1.038
-0.294,-0.898,0.024,-1.831,-0.305,-1.099
-0.293,-0.899,0.027,-2.441,-0.061,-1.282
-0.292,-0.903,0.037,-2.991,0.366,-1.648
-0.285,-0.897,0.036,-4.456,0.671,-2.686
-0.277,-0.909,0.043,-5.615,0.977,-2.869
-0.270,-0.918,0.049,-6.348,1.892,-2.441
-0.263,-0.926,0.052,-7.629,2.991,-1.221
-0.257,-0.928,0.063,-7.812,4.089,-0.610
-0.259,-0.930,0.071,-7.812,5.249,-1.465
-0.257,-0.927,0.080,-8.057,6.104,-3.845
-0.263,-0.931,0.089,-8.911,7.141,-6.287
-0.271,-0.945,0.099,-10.010,8.179,-8.301
-0.279,-0.961,0.106,-11.902,9.399,-8.667
-0.290,-0.996,0.113,-13.062,10.681,-8.667
-0.313,-1.038,0.120,-14.038,12.024,-8.728
-0.344,-1.078,0.122,-15.442,13.306,-7.874
-0.381,-1.128,0.122,-16.846,13.794,-5.981
-0.404,-1.191,0.119,-18.738,13.184,-5.127
-0.421,-1.285,0.118,-19.348,11.597,-6.042
-0.421,-1.370,0.116,-17.822,10.071,-6.409
-0.425,-1.411,0.100,-15.869,8.911,-5.676
-0.426,-1.427,0.068,-16.418,6.775,-5.493
-0.398,-1.457,0.026,-18.921,4.517,-5.310
-0.370,-1.542,-0.003,-24.170,1.343,-3.601
-0.356,-1.646,-0.005,-30.457,-2.686,0.854
-0.396,-1.774,-0.018,-39.307,-9.460,7.568
-0.430,-1.931,0.040,-50.171,-16.479,12.390
-0.420,-2.155,0.105,-58.472,-20.569,17.639
-0.424,-2.408,0.201,-66.711,-24.353,21.118
-0.436,-2.652,0.276,-70.679,-27.100,26.306
-0.402,-2.850,0.345,-67.383,-27.771,36.743
-0.398,-3.023,0.406,-57.983,-27.466,51.880
-0.410,-3.111,0.461,-42.297,-24.414,69.275
-0.448,-3.168,0.518,-23.926,-20.325,86.853
-0.534,-3.176,0.577,-4.822,-14.099,102.051
-0.613,-3.259,0.604,19.531,-6.897,110.901
-0.692,-3.088,0.615,39.246,-2.563,123.352
-0.777,-2.905,0.579,65.063,1.160,134.216
-0.929,-2.721,0.574,96.558,4.089,144.714
-1.130,-2.518,0.567,122.803,5.432,156.494
-1.294,-2.214,0.516,148.743,6.165,169.922
-1.428,-1.875,0.430,173.584,2.991,182.922
-1.545,-1.503,0.364,197.327,-2.991,192.200
-1.614,-1.043,0.292,220.398,-13.672,195.557
-1.632,-0.529,0.255,240.173,-30.029,196.777
-1.621,-0.011,0.278,253.052,-50.903,201.904
-1.591,0.501,0.333,259.094,-72.571,208.313
-1.503,1.021,0.406,261.169,-92.651,214.172
-1.363,1.535,0.486,261.169,-112.427,219.055
-1.147,2.031,0.561,256.226,-130.127,223.694
-0.793,2.537,0.595,246.704,-138.489,225.159
-0.386,2.917,0.581,230.042,-136.841,225.525
-0.005,3.123,0.600,202.515,-128.601,226.685
0.256,3.202,0.654,164.978,-118.347,222.107
0.429,3.214,0.698,124.146,-105.835,205.994
0.618,3.157,0.695,84.961,-88.684,174.255
0.742,3.057,0.703,47.119,-67.810,126.892
0.722,2.960,0.679,13.733,-46.631,66.345
0.644,2.809,0.667,-12.268,-23.560,-2.930
0.537,2.623,0.635,-37.354,-3.479,-70.068
0.395,2.424,0.613,-63.782,10.071,-126.038
0.237,2.197,0.596,-88.745,19.775,-173.462
0.085,1.935,0.590,-112.183,28.442,-214.844
-0.063,1.618,0.548,-131.531,40.588,-248.657
-0.225,1.308,0.501,-144.592,56.946,-270.630
-0.445,1.010,0.492,-154.175,72.388,-283.142
-0.728,0.634,0.478,-160.889,86.243,-289.551
-1.122,0.060,0.521,-169.556,100.708,-287.109
-1.578,-0.771,0.504,-185.303,104.980,-278.687
-1.820,-1.527,0.408,-190.430,102.417,-265.442
-1.890,-2.231,0.286,-178.711,91.797,-251.282
-1.907,-2.851,0.210,-161.194,69.336,-236.755
-1.848,-3.281,0.145,-144.470,44.128,-221.741
-1.652,-3.703,0.089,-131.104,26.917,-201.050
-1.452,-4.000,0.033,-117.615,21.362,-172.729
-1.253,-4.000,-0.015,-105.835,21.423,-143.921
-1.053,-4.000,-0.092,-94.482,18.311,-116.150
-0.818,-3.926,-0.128,-82.336,12.024,-85.266
-0.566,-3.539,-0.171,-68.054,4.517,-53.467
-0.299,-3.162,-0.183,-48.035,-0.305,-26.367
-0.105,-2.883,-0.166,-26.367,-1.709,-7.874
0.033,-2.561,-0.119,-3.967,-1.221,1.221
0.075,-2.239,-0.092,11.108,-0.183,1.770
0.045,-1.965,-0.076,26.733,2.441,-4.150
-0.010,-1.707,-0.069,34.241,3.906,-11.353
-0.059,-1.482,-0.055,33.020,2.075,-14.404
-0.082,-1.313,-0.030,26.794,-0.061,-11.108
-0.049,-1.199,0.006,16.296,-0.732,-1.221
-0.013,-1.139,0.037,3.235,0.916,13.123
-0.004,-1.111,0.058,-9.705,3.662,26.917
-0.018,-1.118,0.065,-18.860,6.531,34.119
-0.042,-1.134,0.063,-21.118,9.155,31.616
-0.076,-1.151,0.053,-16.418,10.254,21.912
-0.116,-1.135,0.043,-7.935,9.827,8.667
-0.139,-1.079,0.027,0.610,8.301,-3.357
-0.154,-1.016,0.018,6.714,5.371,-12.207
-0.164,-0.962,0.015,8.789,2.197,-18.616
-0.163,-0.930,0.010,5.615,-0.427,-21.667
-0.150,-0.943,0.027,1.343,-1.953,-19.592
-0.151,-0.981,0.042,-3.052,-2.747,-14.587
-0.139,-1.004,0.051,-7.751,-2.502,-8.423
-0.135,-1.044,0.062,-10.376,-0.732,-3.235
-0.147,-1.093,0.074,-10.254,1.404,-1.038
-0.158,-1.113,0.074,-8.484,3.845,0.427
-0.180,-1.119,0.074,-5.676,5.371,1.709
-0.193,-1.095,0.072,-2.991,6.042,1.099
-0.195,-1.074,0.067,-0.427,7.080,-1.831
-0.207,-1.055,0.052,1.709,8.118,-5.798
-0.232,-1.027,0.035,4.028,8.118,-7.690
-0.260,-1.007,0.023,5.981,7.568,-6.775
-0.270,-0.990,0.016,6.714,6.348,-6.104
-0.271,-0.977,0.016,6.409,4.883,-7.629
-0.266,-0.989,0.019,5.310,4.089,-9.827
-0.301,-0.937,-0.023,2.075,0.244,-1.770
-0.309,-0.949,-0.026,1.221,-0.122,-2.258
-0.306,-0.959,-0.022,-0.183,-0.244,-1.892
-0.308,-0.967,-0.018,-0.916,-0.488,-1.099
-0.303,-0.979,-0.013,-1.587,-0.793,-0.732
-0.290,-0.981,-0.011,-2.075,-0.854,-0.732
-0.290,-0.994,-0.007,-2.441,-0.549,0.183
-0.289,-1.002,-0.008,-2.563,-0.122,0.977
-0.289,-1.008,-0.009,-1.526,0.183,-0.061
-0.297,-1.011,-0.011,-0.244,0.122,-1.465
-0.297,-1.008,-0.011,1.526,0.122,-2.808
-0.290,-0.999,-0.017,2.686,0.244,-3.174
-0.301,-0.997,-0.015,3.418,0.366,-1.648
-0.309,-0.992,-0.019,2.869,0.366,-0.488
-0.307,-0.992,-0.024,2.502,0.366,0.183
-0.312,-1.000,-0.021,2.319,-0.061,0.671
-0.312,-1.004,-0.017,2.197,-0.305,0.549
-0.301,-1.003,-0.019,2.136,-0.244,0.671
-0.299,-0.993,-0.018,2.075,-0.183,1.038
-0.304,-0.988,-0.018,2.258,-0.061,0.854
-0.304,-0.987,-0.020,2.075,-0.122,0.244
-0.304,-0.980,-0.021,2.136,-0.244,-0.061
-0.305,-0.974,-0.021,2.197,-0.488,-0.427
-0.304,-0.975,-0.020,1.892,-0.610,-1.099
-0.298,-0.980,-0.022,1.526,-0.671,-0.793
-0.304,-0.979,-0.021,1.831,-0.854,0.916
-0.309,-0.965,-0.020,1.526,-1.221,1.465
-0.301,-0.963,-0.021,1.099,-1.404,1.099
-0.298,-0.965,-0.020,0.916,-1.465,0.488
-0.289,-0.961,-0.019,0.305,-1.587,0.793
-0.280,-0.953,-0.023,-0.122,-1.587,0.916
-0.270,-0.948,-0.031,-0.549,-1.282,0.061
-0.255,-0.950,-0.042,-1.770,-1.282,-1.526
-0.217,-0.967,-0.064,-3.723,-1.953,-3.418
-0.139,-1.029,-0.089,-8.301,-3.174,-5.188
-0.072,-1.188,-0.085,-18.677,-5.859,-6.592
-0.046,-1.470,-0.021,-36.377,-10.803,-5.981
-0.048,-1.960,0.081,-61.584,-16.235,-5.005
-0.229,-2.557,0.207,-93.323,-19.653,-2.258
-0.441,-3.241,0.332,-126.709,-13.306,2.441
-0.737,-4.000,0.398,-156.311,0.183,5.798
-1.186,-4.000,0.508,-163.879,13.245,11.902
-1.693,-4.000,0.615,-131.409,26.489,38.879
-2.130,-4.000,0.674,-61.707,31.616,90.576
-2.371,-4.000,0.676,35.339,27.344,140.015
-2.609,-4.000,0.701,138.489,11.230,160.828
-2.672,-3.999,0.679,214.417,-16.724,152.405
-2.519,-3.089,0.633,250.000,-51.514,141.052
-2.364,-2.276,0.621,253.418,-83.984,148.987
-2.187,-1.496,0.604,236.145,-105.835,187.439
-1.996,-0.900,0.638,206.909,-115.967,252.014
-1.880,-0.486,0.716,168.457,-118.713,317.627
-1.685,-0.119,0.765,133.911,-113.892,366.455
-1.446,0.193,0.773,116.089,-101.563,400.757
-1.354,0.555,0.811,109.375,-88.745,426.392
-1.297,0.975,0.859,107.544,-75.562,441.711
-1.204,1.440,0.900,108.398,-63.171,446.899
-1.183,1.966,1.000,112.610,-56.152,446.228
-1.066,2.636,1.035,118.469,-47.791,435.913
-0.723,3.415,0.944,128.967,-33.569,410.400
-0.181,4.000,0.783,139.587,-19.348,364.014
0.356,4.000,0.587,138.733,-5.615,293.396
0.650,4.000,0.396,125.732,4.211,203.247
0.756,4.000,0.249,108.643,9.949,106.812
0.770,4.000,0.189,87.280,12.268,15.076
0.794,4.000,0.171,57.617,13.489,-75.012
0.787,4.000,0.193,16.418,15.381,-162.415
0.645,4.000,0.242,-34.607,21.057,-235.168
0.303,4.000,0.374,-92.224,29.480,-282.349
-0.105,3.747,0.509,-146.118,40.527,-308.716
-0.423,3.065,0.582,-190.674,54.993,-322.754
-0.716,2.364,0.670,-222.534,68.420,-330.994
-1.061,1.640,0.772,-239.319,77.026,-338.623
-1.378,0.946,0.857,-242.065,81.970,-345.703
-1.705,0.214,0.946,-231.934,85.144,-349.121
-2.134,-0.526,0.999,-216.614,81.543,-346.863
-2.375,-1.207,0.961,-198.425,71.106,-341.125
-2.470,-1.805,0.938,-178.894,56.030,-331.421
-2.459,-2.361,0.896,-161.194,42.114,-317.566
-2.383,-2.699,0.796,-151.611,35.400,-286.682
-2.299,-3.020,0.739,-156.189,34.058,-233.826
-2.154,-3.548,0.684,-167.480,36.987,-171.936
-1.985,-4.000,0.614,-169.189,41.321,-117.859
-1.784,-4.000,0.542,-150.085,42.847,-78.552
-1.488,-4.000,0.475,-114.807,42.358,-54.565
-1.176,-4.000,0.374,-73.608,38.696,-43.701
-0.958,-3.796,0.272,-36.621,28.442,-45.227
-0.777,-3.414,0.199,-5.188,14.221,-57.983
-0.586,-3.029,0.121,18.311,-0.488,-78.430
-0.437,-2.646,0.046,37.903,-13.123,-95.276
-0.343,-2.274,-0.003,54.443,-20.691,-98.999
-0.270,-1.913,-0.014,66.223,-22.217,-91.003
-0.208,-1.582,0.003,68.604,-18.555,-76.172
-0.136,-1.340,0.043,58.960,-10.742,-58.105
-0.079,-1.185,0.083,38.330,-2.930,-39.368
-0.051,-1.123,0.112,11.353,2.930,-21.301
-0.059,-1.145,0.139,-12.817,8.179,-4.761
-0.110,-1.222,0.174,-29.907,12.329,6.226
-0.179,-1.315,0.201,-36.682,14.832,10.010
-0.229,-1.367,0.222,-33.691,16.418,9.521
-0.247,-1.377,0.227,-26.733,17.273,8.301
-0.262,-1.370,0.224,-19.043,16.602,5.066
-0.277,-1.351,0.215,-11.292,14.465,-1.526
-0.279,-1.311,0.193,-4.089,10.986,-9.705
-0.271,-1.267,0.178,2.258,6.104,-17.883
-0.250,-1.210,0.158,6.409,1.526,-25.208
-0.232,-1.162,0.142,8.423,-1.343,-30.029
-0.238,-1.123,0.135,7.751,-2.991,-29.968
-0.245,-1.110,0.128,6.470,-3.235,-25.696
-0.239,-1.108,0.127,4.639,-2.747,-18.372
-0.240,-1.083,0.127,1.587,-2.625,-10.864
-0.249,-1.075,0.131,-0.854,-1.465,-4.456
-0.262,-1.079,0.136,-2.014,0.488,-0.122
-0.287,-1.110,0.148,-0.305,2.319,3.418
-0.297,-1.100,0.146,1.343,1.404,6.836
-0.299,-1.057,0.139,2.136,-0.916,6.470
-0.292,-1.022,0.134,4.700,-1.465,3.113
-0.281,-0.983,0.122,7.019,-1.038,-1.221
-0.274,-0.959,0.116,8.545,0.122,-5.188
-0.287,-0.957,0.044,2.686,-0.610,1.343
-0.284,-0.967,0.045,3.052,-0.671,0.488
-0.284,-0.961,0.046,2.991,-0.854,-0.183
-0.285,-0.964,0.049,2.991,-0.854,-0.427
-0.286,-0.972,0.048,3.113,-0.427,-0.854
-0.286,-0.972,0.047,3.235,-0.427,-0.793
-0.284,-0.971,0.047,3.418,-0.610,-0.916
-0.283,-0.968,0.046,3.479,-0.793,-0.977
-0.279,-0.962,0.045,3.418,-0.854,-0.549
-0.285,-0.958,0.043,3.174,-1.099,-0.061
-0.279,-0.961,0.043,2.808,-1.282,-0.305
-0.275,-0.971,0.042,2.869,-1.221,-0.549
-0.281,-0.976,0.046,2.747,-1.282,-0.244
-0.285,-0.986,0.047,2.686,-1.160,0.122
-0.282,-0.988,0.045,3.052,-1.099,0.488
-0.279,-0.983,0.042,3.479,-0.610,0.671
-0.283,-0.978,0.042,3.662,-0.366,0.732
-0.289,-0.974,0.041,3.540,-0.366,-0.061
-0.288,-0.980,0.040,3.174,-0.427,-0.610
-0.282,-0.978,0.042,3.052,-0.610,-0.793
-0.275,-0.974,0.046,2.563,-0.916,-0.732
-0.269,-0.978,0.050,1.831,-0.916,-0.793
-0.267,-0.975,0.050,1.282,-0.671,-0.427
-0.269,-0.973,0.053,0.977,-0.427,-0.061
-0.263,-0.970,0.052,0.977,-0.244,-0.061
-0.261,-0.957,0.052,0.549,-0.061,-0.061
-0.263,-0.947,0.052,-0.183,-0.122,-0.427
-0.262,-0.934,0.050,-1.160,0.061,-1.038
-0.259,-0.937,0.048,-2.747,0.061,-1.282
-0.260,-0.953,0.056,-3.662,-0.122,-1.587
-0.256,-0.983,0.063,-4.456,0.000,-2.625
-0.244,-1.011,0.075,-5.310,0.122,-3.357
-0.245,-1.084,0.102,-7.141,-0.122,-3.235
-0.230,-1.198,0.132,-11.536,-0.549,-2.014
-0.196,-1.355,0.156,-18.433,-0.854,1.892
-0.209,-1.609,0.198,-26.917,-0.549,9.766
-0.286,-1.981,0.232,-36.438,0.977,18.188
-0.407,-2.483,0.267,-45.044,5.066,25.574
-0.515,-3.094,0.315,-48.279,8.423,31.738
-0.647,-3.681,0.343,-41.626,9.644,35.217
-0.826,-4.000,0.372,-24.719,11.841,36.438
-0.979,-4.000,0.381,1.892,14.771,36.377
-1.121,-4.000,0.409,38.269,13.245,41.382
-1.266,-4.000,0.448,78.247,7.019,54.626
-1.387,-4.000,0.513,113.403,-0.244,72.510
-1.505,-4.000,0.558,139.221,-7.019,86.243
-1.592,-3.658,0.558,158.386,-14.099,99.976
-1.615,-3.192,0.540,169.739,-22.156,125.549
-1.657,-2.708,0.566,172.363,-33.813,159.668
-1.738,-2.207,0.527,172.852,-47.363,195.496
-1.672,-1.662,0.577,176.086,-53.284,224.731
-1.561,-1.101,0.603,179.993,-57.983,249.023
-1.386,-0.478,0.588,182.007,-60.303,269.836
-1.154,0.124,0.556,181.824,-60.303,292.480
-0.993,0.583,0.497,174.011,-56.885,309.998
-0.880,0.943,0.400,156.982,-52.612,319.214
-0.775,1.282,0.366,141.724,-47.058,325.195
-0.688,1.678,0.340,131.470,-47.302,329.590
-0.470,2.187,0.302,126.404,-49.316,325.989
-0.052,2.776,0.226,123.352,-43.945,307.495
0.390,3.315,0.176,118.774,-30.823,271.545
0.694,3.749,0.093,111.511,-18.433,218.994
0.937,4.000,0.010,99.548,-6.287,151.428
1.089,4.000,-0.053,81.360,4.272,83.984
1.065,4.000,-0.039,49.194,6.897,21.240
0.911,4.000,0.019,5.249,1.953,-41.077
0.707,3.985,0.094,-44.373,-4.700,-103.088
0.516,3.573,0.182,-93.811,-8.240,-158.325
0.265,3.079,0.290,-132.202,-6.775,-203.064
-0.047,2.618,0.400,-157.715,-2.319,-235.107
-0.343,2.182,0.475,-174.377,6.775,-253.967
-0.531,1.791,0.476,-183.289,20.386,-260.071
-0.665,1.472,0.467,-187.683,33.447,-256.409
-0.850,1.198,0.500,-188.416,40.466,-253.235
-1.121,0.868,0.572,-185.852,39.917,-255.249
-1.403,0.504,0.620,-185.364,33.386,-258.362
-1.613,0.031,0.640,-189.331,22.827,-254.578
-1.821,-0.617,0.735,-193.726,7.874,-239.868
-2.034,-1.311,0.834,-190.613,-10.376,-220.154
-2.082,-1.991,0.852,-174.316,-24.292,-201.599
-1.945,-2.653,0.817,-147.583,-33.264,-182.251
-1.699,-3.017,0.739,-112.244,-39.734,-164.490
-1.407,-3.046,0.676,-82.214,-42.969,-147.278
-1.132,-3.015,0.617,-65.735,-40.161,-128.601
-0.861,-3.005,0.566,-61.340,-30.518,-107.727
-0.623,-2.958,0.505,-67.261,-17.029,-83.557
-0.454,-2.885,0.438,-76.111,-3.906,-56.213
-0.375,-2.842,0.362,-76.599,6.165,-33.386
-0.345,-2.759,0.291,-66.895,11.292,-22.339
-0.315,-2.649,0.208,-47.668,13.489,-22.278
-0.299,-2.534,0.140,-20.813,13.367,-28.625
-0.313,-2.403,0.097,9.216,11.414,-42.114
-0.310,-2.216,0.069,36.255,8.179,-64.758
-0.284,-1.988,0.055,54.138,4.089,-88.928
-0.236,-1.730,0.052,59.692,1.038,-105.591
-0.205,-1.536,0.056,52.490,0.793,-108.582
-0.212,-1.413,0.052,34.058,4.517,-94.971
-0.233,-1.352,0.046,8.057,10.986,-64.941
-0.270,-1.378,0.049,-17.029,17.944,-27.649
-0.333,-1.457,0.071,-36.926,23.193,3.723
-0.377,-1.543,0.083,-48.584,25.879,24.597
-0.401,-1.605,0.093,-51.025,25.818,34.485
-0.421,-1.620,0.100,-46.448,22.156,33.997
-0.428,-1.584,0.109,-37.231,16.113,25.269
-0.409,-1.517,0.112,-27.832,8.789,13.000
-0.350,-1.443,0.114,-19.714,2.014,3.418
-0.287,-1.355,0.123,-13.916,-3.357,-0.610
-0.242,-1.281,0.131,-10.437,-7.141,-1.465
-0.210,-1.257,0.142,-8.423,-9.155,-0.244
-0.187,-1.262,0.154,-5.432,-9.094,3.784
-0.183,-1.240,0.158,-1.648,-8.240,7.935
-0.179,-1.205,0.165,1.526,-7.019,8.850
-0.180,-1.173,0.166,4.272,-6.287,7.263
-0.184,-1.113,0.171,6.042,-5.859,3.479
-0.172,-1.106,0.176,7.507,-4.578,1.221
-0.167,-1.082,0.176,7.996,-3.418,2.319
-0.177,-1.040,0.177,8.301,-2.136,5.554
-0.185,-0.998,0.172,9.277,0.183,7.080
-0.186,-0.956,0.159,9.888,2.563,6.714
-0.290,-0.989,0.083,-3.418,0.427,-2.930
-0.286,-0.989,0.085,-2.869,0.671,-3.052
-0.295,-0.992,0.086,-2.319,0.244,-3.418
-0.299,-0.998,0.089,-2.075,0.366,-3.845
-0.295,-1.011,0.088,-1.709,0.488,-4.333
-0.296,-1.016,0.089,-0.854,0.549,-3.906
-0.299,-1.013,0.087,0.122,0.916,-3.113
-0.305,-1.004,0.083,0.305,1.282,-2.869
-0.307,-0.999,0.082,0.427,1.282,-3.174
-0.308,-0.997,0.081,0.366,1.099,-3.235
-0.305,-0.996,0.078,0.122,0.793,-3.418
-0.303,-1.001,0.081,0.000,0.610,-3.174
-0.306,-1.001,0.079,0.122,0.671,-2.869
-0.307,-0.992,0.078,0.244,0.427,-2.686
-0.306,-0.989,0.078,0.427,0.366,-2.747
-0.307,-0.988,0.077,0.549,0.427,-2.625
-0.307,-0.986,0.075,0.122,0.549,-2.014
-0.308,-0.982,0.078,-0.061,0.488,-1.160
-0.312,-0.982,0.076,-0.183,0.061,-0.671
-0.312,-0.982,0.076,-0.610,0.000,-0.977
-0.312,-0.979,0.077,-0.244,-0.305,-1.526
-0.314,-0.977,0.077,-0.122,-0.671,-2.014
-0.306,-0.970,0.076,0.122,-0.793,-2.136
-0.304,-0.974,0.075,0.061,-0.854,-2.075
-0.303,-0.980,0.075,0.000,-0.549,-2.014
-0.304,-0.982,0.071,-0.366,-0.488,-1.831
-0.308,-1.003,0.070,-0.793,-0.427,-2.136
-0.318,-1.038,0.067,-1.099,-0.610,-3.357
-0.321,-1.081,0.063,-1.526,-1.038,-4.089
-0.315,-1.136,0.069,-1.709,-1.831,-5.432
-0.293,-1.257,0.076,-2.625,-2.991,-7.751
-0.270,-1.422,0.085,-3.723,-4.150,-9.705
-0.286,-1.637,0.108,-3.845,-5.798,-12.146
-0.300,-1.898,0.126,-1.221,-6.714,-15.564
-0.290,-2.195,0.128,3.723,-7.568,-18.799
-0.310,-2.407,0.164,10.071,-9.583,-18.677
-0.333,-2.637,0.207,17.334,-12.634,-17.761
-0.390,-2.879,0.250,23.499,-16.418,-12.329
-0.470,-3.115,0.317,26.489,-17.700,2.502
-0.619,-3.425,0.377,25.757,-16.846,31.738
-0.730,-3.629,0.398,23.682,-12.451,76.477
-0.782,-3.662,0.399,28.809,-4.333,126.587
-0.853,-3.548,0.398,47.241,5.554,166.199
-0.983,-3.455,0.419,71.777,12.878,189.453
-1.108,-3.327,0.417,95.642,14.832,201.721
-1.213,-3.106,0.408,124.084,13.550,208.801
-1.287,-2.781,0.406,154.907,7.935,212.708
-1.345,-2.415,0.402,180.481,-2.563,212.219
-1.337,-1.987,0.406,197.815,-12.817,208.374
-1.303,-1.536,0.369,205.627,-22.705,205.872
-1.230,-1.115,0.353,205.566,-30.518,207.275
-1.131,-0.681,0.322,200.195,-34.729,212.036
-0.952,-0.320,0.318,190.369,-31.982,220.520
-0.815,-0.029,0.265,172.363,-30.090,227.600
-0.714,0.175,0.226,153.015,-24.780,235.901
-0.590,0.309,0.191,135.376,-17.517,245.850
-0.528,0.389,0.165,117.737,-18.433,253.418
-0.490,0.496,0.127,103.027,-22.583,256.165
-0.431,0.611,0.097,92.834,-24.170,253.784
-0.344,0.755,0.069,87.952,-23.621,244.812
-0.261,0.910,0.049,86.731,-24.536,227.417
-0.171,1.065,0.035,82.581,-25.513,203.735
-0.044,1.218,0.032,76.111,-24.231,175.720
0.085,1.371,0.028,69.397,-21.606,146.301
0.170,1.509,0.025,62.500,-18.860,119.080
0.232,1.617,0.018,55.786,-14.709,94.910
0.270,1.721,0.010,50.781,-9.277,72.998
0.284,1.809,0.007,45.593,-4.272,51.331
0.314,1.882,0.017,37.903,0.061,27.832
0.323,1.909,0.034,25.208,2.319,-0.061
0.316,1.938,0.055,8.972,2.014,-32.104
0.289,1.969,0.055,-6.470,1.404,-64.697
0.257,1.971,0.051,-20.752,3.540,-95.276
0.195,1.944,0.042,-35.339,7.507,-124.451
0.079,1.907,0.043,-51.941,11.169,-154.358
-0.044,1.826,0.056,-70.068,14.893,-184.753
-0.146,1.748,0.051,-91.736,15.198,-211.731
-0.238,1.592,0.079,-115.051,14.954,-231.445
-0.365,1.356,0.129,-135.681,16.418,-241.577
-0.485,1.125,0.187,-153.320,18.921,-242.371
-0.601,0.883,0.260,-165.466,22.217,-240.112
-0.725,0.658,0.340,-173.584,25.940,-238.220
-0.911,0.374,0.414,-182.678,27.710,-237.305
-1.089,0.014,0.467,-191.162,27.344,-234.741
-1.246,-0.370,0.511,-194.458,25.818,-227.844
-1.365,-0.760,0.571,-195.251,20.264,-220.337
-1.391,-1.125,0.625,-196.899,9.949,-220.276
-1.303,-1.501,0.668,-197.205,-0.793,-227.844
-1.202,-1.863,0.721,-194.885,-10.620,-231.506
-1.112,-2.190,0.786,-189.514,-17.761,-222.351
-1.021,-2.482,0.863,-178.955,-15.503,-201.355
-0.967,-2.716,0.875,-163.391,-1.526,-168.945
-0.879,-2.864,0.786,-153.748,21.484,-120.056
-0.781,-2.947,0.661,-143.738,43.030,-63.538
-0.828,-2.999,0.535,-123.779,50.720,-22.522
-0.890,-3.007,0.427,-94.971,44.434,-7.996
-0.875,-2.950,0.315,-56.885,30.518,-19.836
-0.798,-2.763,0.210,-17.639,12.146,-45.532
-0.713,-2.539,0.169,16.418,-5.249,-72.327
-0.584,-2.297,0.149,35.828,-19.104,-93.628
-0.410,-2.111,0.154,35.706,-27.344,-106.628
-0.233,-1.980,0.159,25.513,-28.320,-109.436
-0.121,-1.891,0.142,14.893,-22.400,-98.267
-0.121,-1.801,0.157,6.775,-11.902,-71.533
-0.131,-1.685,0.151,-3.479,-0.305,-41.565
-0.151,-1.640,0.141,-13.245,11.047,-21.667
-0.214,-1.650,0.138,-18.494,18.311,-13.245
-0.283,-1.676,0.143,-18.616,20.813,-11.841
-0.341,-1.672,0.153,-12.268,18.860,-15.381
-0.382,-1.615,0.163,-4.395,12.878,-22.949
-0.397,-1.535,0.167,2.197,5.066,-31.494
-0.377,-1.450,0.166,5.188,-1.831,-37.903
-0.328,-1.375,0.168,5.005,-6.653,-38.635
-0.289,-1.334,0.181,4.272,-8.484,-33.020
-0.268,-1.293,0.179,2.075,-7.446,-21.851
-0.258,-1.257,0.173,-0.916,-4.822,-9.094
-0.279,-1.227,0.174,-1.892,-2.441,0.122
-0.282,-1.206,0.169,-3.174,-0.610,4.578
-0.270,-1.191,0.165,-3.479,0.793,5.249
-0.315,-0.960,0.077,2.930,-1.648,0.793
-0.319,-0.955,0.076,2.686,-1.465,0.671
-0.319,-0.955,0.075,1.953,-1.221,1.465
-0.324,-0.957,0.074,0.916,-1.160,2.258
-0.324,-0.965,0.071,0.427,-0.977,2.686
-0.326,-0.963,0.071,0.183,-1.343,2.625
-0.330,-0.964,0.075,0.427,-1.770,2.319
-0.321,-0.958,0.078,0.671,-2.136,2.014
-0.312,-0.957,0.081,0.732,-2.258,2.258
-0.310,-0.951,0.085,0.732,-2.197,2.380
-0.307,-0.958,0.084,0.549,-1.709,2.625
-0.306,-0.954,0.084,0.916,-1.465,2.808
-0.316,-0.946,0.086,1.221,-1.038,3.296
-0.317,-0.940,0.085,1.343,-0.793,2.197
-0.313,-0.933,0.081,1.404,-0.488,0.549
-0.313,-0.922,0.080,1.587,-0.366,0.244
-0.316,-0.915,0.078,1.709,-0.244,0.488
-0.316,-0.900,0.075,1.465,-0.122,0.488
-0.319,-0.891,0.073,0.977,0.122,0.366
-0.315,-0.880,0.069,0.549,0.000,-0.061
-0.315,-0.863,0.072,0.000,-0.305,-0.732
-0.298,-0.840,0.071,-0.854,-0.183,-1.831
-0.302,-0.819,0.066,-1.404,-0.122,-3.113
-0.303,-0.793,0.056,-2.014,0.427,-4.822
-0.306,-0.763,0.043,-2.563,0.916,-6.714
-0.326,-0.746,0.034,-4.395,0.793,-8.850
-0.344,-0.747,0.027,-7.263,0.122,-11.597
-0.349,-0.758,0.024,-11.169,-1.099,-14.038
-0.349,-0.779,0.031,-15.198,-2.808,-16.602
-0.342,-0.831,0.050,-20.508,-4.883,-18.188
-0.311,-0.915,0.071,-26.062,-6.287,-19.287
-0.304,-0.999,0.092,-30.334,-6.042,-19.104
-0.290,-1.097,0.091,-34.485,-3.540,-18.066
-0.318,-1.240,0.109,-38.757,-1.770,-17.761
-0.348,-1.438,0.137,-44.678,-1.343,-17.883
-0.399,-1.710,0.193,-51.270,-2.502,-19.104
-0.447,-2.036,0.253,-57.983,-3.906,-21.240
-0.495,-2.375,0.323,-64.209,-4.456,-23.132
-0.585,-2.670,0.404,-68.787,-4.456,-28.015
-0.641,-3.041,0.469,-70.313,-5.249,-33.630
-0.715,-3.406,0.532,-65.063,-8.362,-32.837
-0.850,-3.675,0.603,-48.828,-12.329,-20.935
-0.996,-3.846,0.653,-27.100,-14.282,-0.366
-1.155,-3.882,0.675,-0.732,-13.794,24.353
-1.249,-3.734,0.689,28.748,-11.963,46.814
-1.299,-3.544,0.697,56.702,-14.160,66.040
-1.386,-3.341,0.701,81.848,-20.935,80.811
-1.458,-3.061,0.691,101.563,-28.931,94.299
-1.506,-2.765,0.656,116.333,-34.973,109.863
-1.537,-2.411,0.607,127.625,-39.978,128.052
-1.544,-2.042,0.555,135.803,-44.983,149.475
-1.543,-1.697,0.520,139.954,-50.049,173.340
-1.500,-1.286,0.509,140.747,-53.650,193.176
-1.346,-0.878,0.467,140.442,-52.856,204.956
-1.176,-0.562,0.395,140.808,-46.875,211.670
-1.073,-0.253,0.341,139.771,-43.823,220.947
-0.968,0.084,0.290,138.855,-39.551,231.384
-0.797,0.365,0.216,134.460,-34.363,237.427
-0.626,0.591,0.128,129.822,-31.067,242.676
-0.455,0.784,0.082,125.488,-30.457,247.498
-0.321,0.965,0.080,118.713,-32.776,249.268
-0.189,1.118,0.052,108.215,-34.729,243.591
-0.032,1.211,0.000,95.703,-32.837,229.370
0.087,1.266,-0.050,86.365,-29.724,212.891
0.129,1.328,-0.044,78.979,-27.405,199.036
0.194,1.402,-0.036,70.618,-23.926,184.082
0.253,1.455,-0.025,64.087,-19.287,168.213
0.312,1.515,-0.020,55.298,-14.832,150.940
0.394,1.559,-0.022,44.678,-9.338,133.911
0.443,1.559,-0.015,33.386,-3.235,118.774
0.436,1.533,0.004,20.569,2.563,105.042
0.386,1.469,0.023,8.423,6.714,91.064
0.310,1.393,0.042,-2.930,8.606,74.402
0.247,1.309,0.062,-14.587,7.996,52.490
0.215,1.214,0.055,-24.780,4.456,23.804
0.162,1.140,0.027,-30.273,-1.526,-7.385
0.107,1.052,0.010,-29.358,-7.141,-36.072
0.054,0.969,0.003,-24.902,-12.512,-62.927
0.010,0.913,0.000,-19.348,-17.639,-87.891
-0.001,0.884,-0.012,-14.526,-22.461,-110.046
0.022,0.901,-0.022,-12.451,-24.475,-127.747
0.052,0.925,-0.026,-15.869,-22.583,-142.883
0.069,0.920,-0.015,-24.597,-16.785,-155.273
0.053,0.909,-0.001,-38.513,-7.263,-162.170
-0.020,0.843,0.013,-57.373,4.517,-162.720
-0.140,0.707,0.053,-79.834,17.578,-159.180
-0.280,0.533,0.075,-104.248,28.931,-153.442
-0.436,0.289,0.128,-127.319,35.828,-147.644
-0.562,-0.022,0.210,-146.667,39.978,-141.785
-0.649,-0.356,0.290,-161.316,42.175,-134.216
-0.708,-0.702,0.359,-170.837,39.551,-125.854
-0.733,-1.015,0.422,-176.147,33.081,-119.263
-0.777,-1.330,0.491,-177.856,25.513,-111.328
-0.801,-1.673,0.553,-173.706,18.311,-100.586
-0.779,-1.936,0.579,-163.025,12.268,-92.407
-0.734,-2.125,0.603,-151.306,4.700,-87.402
-0.658,-2.279,0.598,-137.756,-2.930,-84.778
-0.560,-2.409,0.567,-120.850,-8.911,-85.083
-0.486,-2.544,0.542,-98.572,-13.977,-89.966
-0.454,-2.616,0.523,-70.007,-17.273,-103.577
-0.429,-2.567,0.484,-41.687,-16.968,-124.573
-0.378,-2.413,0.416,-18.982,-10.376,-145.691
-0.343,-2.220,0.366,-4.517,-0.549,-164.124
-0.372,-2.037,0.348,0.244,7.812,-174.866
-0.416,-1.914,0.311,-5.249,12.634,-171.265
-0.423,-1.839,0.265,-20.630,16.663,-145.874
-0.444,-1.906,0.242,-41.687,20.691,-101.624
-0.492,-2.039,0.262,-59.448,22.522,-56.824
-0.528,-2.133,0.270,-67.017,19.653,-28.809
-0.521,-2.214,0.276,-60.791,15.259,-15.808
-0.487,-2.239,0.278,-45.166,10.315,-12.695
-0.457,-2.169,0.286,-26.001,3.845,-18.005
-0.419,-2.038,0.297,-8.789,-2.869,-27.283
-0.363,-1.932,0.313,2.930,-8.057,-34.241
-0.300,-1.812,0.317,9.460,-12.573,-35.278
-0.234,-1.667,0.312,11.963,-15.442,-28.809
-0.177,-1.562,0.311,11.475,-14.465,-17.090
-0.153,-1.491,0.301,9.399,-9.888,-6.348
-0.142,-1.450,0.285,7.568,-4.700,0.732
-0.287,-0.979,0.129,0.061,-0.183,-4.822
-0.284,-0.978,0.129,-0.122,-0.366,-4.333
-0.290,-0.988,0.132,-0.183,-0.244,-3.723
-0.293,-0.995,0.133,-0.305,-0.061,-3.174
-0.298,-0.997,0.134,0.244,-0.061,-2.258
-0.300,-0.997,0.139,0.549,-0.427,-1.526
-0.295,-1.001,0.146,0.793,-0.305,-1.831
-0.291,-1.006,0.150,0.854,-0.183,-1.953
-0.293,-1.005,0.153,1.038,-0.122,-2.258
-0.298,-1.002,0.149,1.465,0.000,-2.747
-0.307,-0.998,0.142,2.014,-0.061,-2.991
-0.310,-0.989,0.140,2.197,-0.244,-3.235
-0.313,-0.989,0.137,1.770,-0.549,-3.357
-0.311,-0.989,0.135,1.404,-1.221,-3.235
-0.314,-0.990,0.137,1.038,-1.831,-2.991
-0.316,-0.994,0.141,0.488,-2.258,-1.831
-0.303,-0.996,0.142,-0.244,-2.747,-0.671
-0.294,-0.996,0.151,-0.244,-3.235,-0.488
-0.285,-0.988,0.155,-0.122,-3.418,-0.671
-0.280,-0.982,0.157,-0.916,-3.357,0.183
-0.284,-0.987,0.156,-1.343,-3.174,0.977
-0.282,-0.993,0.155,-1.648,-3.052,0.427
-0.282,-1.000,0.156,-1.221,-3.235,-1.038
-0.288,-1.009,0.154,-0.854,-3.296,-2.686
-0.292,-1.043,0.157,-0.122,-3.296,-4.395
-0.291,-1.072,0.141,1.221,-3.052,-6.165
-0.289,-1.107,0.130,4.150,-2.930,-8.728
-0.298,-1.153,0.116,7.874,-3.235,-13.184
-0.316,-1.215,0.092,11.475,-4.700,-21.240
-0.332,-1.294,0.069,15.991,-7.263,-31.921
-0.352,-1.401,0.055,19.409,-11.047,-42.603
-0.364,-1.539,0.058,19.958,-16.357,-49.866
-0.368,-1.700,0.078,17.944,-22.583,-53.284
-0.363,-1.888,0.123,11.902,-28.687,-52.673
-0.340,-2.111,0.170,1.038,-33.508,-43.579
-0.308,-2.342,0.228,-11.230,-35.889,-25.513
-0.309,-2.559,0.272,-23.621,-35.278,-2.869
-0.351,-2.764,0.319,-34.302,-31.189,21.301
-0.433,-2.965,0.345,-40.771,-25.452,44.495
-0.560,-3.116,0.367,-41.382,-19.409,63.110
-0.706,-3.212,0.384,-35.278,-14.160,76.111
-0.866,-3.291,0.398,-22.217,-9.460,84.534
-1.036,-3.286,0.408,-2.747,-6.042,92.712
-1.203,-3.167,0.396,23.254,-5.310,104.980
-1.322,-2.954,0.407,50.476,-6.287,120.300
-1.375,-2.667,0.393,75.256,-8.850,134.033
-1.390,-2.353,0.371,94.604,-13.489,145.691
-1.410,-2.047,0.349,109.436,-19.470,155.579
-1.444,-1.732,0.328,121.704,-26.550,164.673
-1.439,-1.453,0.316,131.470,-32.715,177.185
-1.391,-1.142,0.295,140.442,-36.865,190.002
-1.334,-0.830,0.277,148.437,-42.053,199.280
-1.275,-0.547,0.256,155.823,-47.485,206.726
-1.183,-0.269,0.237,161.133,-53.467,215.271
-1.077,0.030,0.258,165.955,-59.998,224.670
-0.948,0.346,0.295,167.542,-67.932,231.323
-0.747,0.619,0.329,162.598,-73.914,235.657
-0.508,0.860,0.363,156.677,-75.439,236.450
-0.320,1.087,0.417,148.682,-75.562,234.924
-0.147,1.279,0.445,135.437,-72.327,228.821
0.058,1.400,0.452,121.399,-62.927,218.384
0.249,1.500,0.434,110.657,-50.354,205.505
0.375,1.584,0.443,104.675,-38.147,189.575
0.453,1.658,0.444,99.731,-26.672,167.603
0.508,1.729,0.444,93.933,-15.320,141.052
0.571,1.797,0.422,87.891,-4.333,112.305
0.621,1.834,0.389,81.421,5.615,83.130
0.612,1.863,0.344,72.021,13.855,53.894
0.559,1.856,0.289,60.303,20.081,24.475
0.495,1.829,0.232,47.852,26.123,-4.517
0.407,1.783,0.178,34.424,30.518,-33.936
0.310,1.726,0.127,20.081,33.081,-64.697
0.211,1.662,0.087,3.662,33.936,-93.994
0.134,1.594,0.058,-16.235,33.569,-120.178
0.050,1.495,0.052,-39.246,33.325,-142.334
-0.048,1.335,0.058,-65.063,33.386,-159.790
-0.162,1.135,0.080,-88.989,34.912,-172.729
-0.265,0.913,0.110,-108.398,38.574,-182.495
-0.339,0.718,0.135,-121.521,44.800,-189.636
-0.428,0.540,0.156,-127.747,52.734,-194.397
-0.611,0.387,0.207,-133.545,58.533,-196.167
-0.827,0.187,0.238,-144.775,58.838,-196.045
-0.943,-0.084,0.286,-160.645,57.861,-193.787
-1.054,-0.421,0.349,-176.208,54.199,-189.087
-1.171,-0.799,0.425,-189.392,47.424,-182.312
-1.248,-1.244,0.486,-198.669,38.452,-174.683
-1.255,-1.737,0.526,-198.853,27.832,-167.847
-1.208,-2.151,0.526,-188.538,16.235,-163.391
-1.130,-2.488,0.530,-168.701,7.263,-157.776
-1.032,-2.741,0.504,-143.494,5.005,-148.926
-0.904,-2.862,0.442,-118.408,9.583,-135.376
-0.775,-2.821,0.361,-93.018,18.433,-121.765
-0.716,-2.683,0.299,-69.214,26.428,-112.915
-0.691,-2.519,0.237,-51.758,32.288,-108.215
-0.655,-2.345,0.179,-43.396,34.668,-102.905
-0.615,-2.198,0.113,-41.809,32.166,-94.055
-0.585,-2.092,0.072,-43.335,26.550,-81.848
-0.566,-2.026,0.053,-45.837,19.836,-70.129
-0.542,-2.002,0.050,-47.974,12.085,-61.035
-0.500,-2.001,0.068,-47.302,4.517,-56.458
-0.459,-1.974,0.094,-43.335,-1.465,-55.847
-0.430,-1.951,0.132,-37.842,-4.333,-55.725
-0.410,-1.943,0.173,-32.471,-5.920,-54.626
-0.379,-1.902,0.198,-27.039,-5.615,-52.612
-0.335,-1.820,0.219,-21.484,-3.113,-46.997
-0.301,-1.737,0.238,-17.578,-0.183,-38.757
-0.266,-1.652,0.234,-17.456,2.869,-28.503
-0.240,-1.599,0.233,-19.409,6.226,-17.700
-0.241,-1.585,0.224,-18.982,8.972,-9.399
-0.259,-1.557,0.208,-16.724,10.254,-5.371
-0.297,-1.539,0.199,-9.705,11.780,-4.456
-0.312,-1.513,0.190,-0.977,12.634,-7.202
-0.344,-1.446,0.179,6.470,11.292,-12.512
-0.347,-1.377,0.172,13.306,10.071,-17.700
-0.345,-1.321,0.162,17.151,8.911,-20.447
-0.339,-1.274,0.152,18.677,7.751,-20.508
-0.333,-1.231,0.142,19.104,6.592,-17.151
-0.330,-1.182,0.132,17.944,5.127,-12.451
-0.326,-1.143,0.125,16.174,4.028,-8.240
-0.336,-0.879,0.058,-1.526,0.610,-0.061
-0.332,-0.884,0.061,-2.319,0.488,0.000
-0.328,-0.887,0.064,-3.052,0.488,0.122
-0.321,-0.886,0.064,-3.418,1.099,0.305
-0.325,-0.879,0.066,-4.028,1.465,0.427
-0.328,-0.881,0.065,-4.333,1.831,-0.244
-0.325,-0.889,0.066,-4.822,1.892,-1.160
-0.327,-0.904,0.066,-4.700,1.953,-1.953
-0.336,-0.911,0.068,-4.211,1.831,-2.869
-0.339,-0.919,0.069,-3.784,2.197,-3.723
-0.344,-0.931,0.072,-3.601,2.197,-4.700
-0.348,-0.943,0.077,-3.357,2.197,-4.700
-0.350,-0.955,0.076,-3.357,2.502,-4.333
-0.354,-0.967,0.076,-3.479,2.686,-3.967
-0.360,-0.974,0.074,-3.113,2.747,-3.784
-0.364,-0.972,0.073,-2.441,2.625,-3.723
-0.364,-0.969,0.074,-2.075,2.258,-4.517
-0.357,-0.965,0.072,-1.770,1.831,-5.554
-0.355,-0.962,0.071,-1.404,1.892,-6.165
-0.356,-0.959,0.073,-1.343,2.075,-6.531
-0.351,-0.956,0.072,-1.465,2.197,-6.531
-0.351,-0.944,0.071,-1.953,2.197,-5.859
-0.354,-0.944,0.072,-2.319,2.014,-4.944
-0.351,-0.960,0.076,-2.930,1.648,-4.639
-0.346,-0.974,0.078,-3.479,1.526,-4.211
-0.347,-0.989,0.082,-4.211,1.648,-3.601
-0.351,-1.008,0.083,-4.639,1.709,-3.479
-0.350,-1.048,0.080,-4.944,1.709,-3.906
-0.349,-1.091,0.073,-4.761,1.831,-4.272
-0.356,-1.153,0.071,-4.883,1.160,-4.700
-0.345,-1.235,0.068,-5.981,-0.122,-5.310
-0.308,-1.325,0.072,-8.911,-0.916,-5.371
-0.322,-1.480,0.080,-13.916,-2.441,-4.272
-0.381,-1.690,0.103,-19.775,-3.540,-2.441
-0.469,-1.940,0.144,-24.719,-4.211,-1.709
-0.527,-2.221,0.170,-30.334,-4.639,-3.845
-0.577,-2.506,0.204,-37.476,-6.653,-3.479
-0.605,-2.761,0.234,-38.330,-8.118,-0.305
-0.647,-2.943,0.259,-30.823,-8.362,5.371
-0.737,-3.048,0.293,-18.555,-7.935,11.658
-0.845,-3.094,0.305,-3.479,-7.080,16.968
-0.971,-3.037,0.326,11.658,-5.432,20.874
-1.073,-2.924,0.338,24.597,-4.700,24.414
-1.092,-2.779,0.320,34.302,-5.127,31.006
-1.108,-2.628,0.330,44.373,-6.592,48.157
-1.217,-2.563,0.386,51.147,-9.094,74.646
-1.326,-2.521,0.432,55.847,-8.301,107.117
-1.413,-2.425,0.458,62.866,-2.319,145.020
-1.569,-2.276,0.477,71.228,5.066,184.387
-1.698,-2.054,0.475,80.750,11.780,217.468
-1.735,-1.776,0.445,90.088,12.756,241.760
-1.676,-1.514,0.403,98.450,7.385,261.719
-1.625,-1.221,0.382,108.826,-2.197,281.250
-1.515,-0.932,0.389,121.155,-14.832,299.316
-1.397,-0.619,0.419,132.751,-29.419,312.134
-1.221,-0.310,0.442,141.357,-42.786,316.956
-0.967,0.021,0.466,149.597,-50.232,313.782
-0.735,0.258,0.463,153.687,-53.528,302.368
-0.550,0.413,0.435,156.067,-53.101,287.415
-0.406,0.576,0.400,160.522,-50.171,272.888
-0.273,0.756,0.369,165.955,-46.265,260.437
-0.145,0.990,0.379,170.898,-42.419,249.451
0.018,1.214,0.348,172.791,-35.645,235.901
0.159,1.421,0.319,169.800,-25.513,220.276
0.261,1.596,0.264,164.185,-15.320,205.994
0.323,1.728,0.226,158.386,-5.127,194.641
0.371,1.888,0.184,146.729,3.601,183.777
0.440,2.055,0.132,132.996,11.658,169.189
0.519,2.247,0.115,119.507,19.104,145.386
0.615,2.415,0.074,97.717,23.560,106.506
0.702,2.505,0.011,68.787,25.330,53.894
0.689,2.473,-0.034,38.147,22.766,-3.174
0.571,2.386,-0.056,6.470,15.625,-57.434
0.440,2.254,-0.058,-21.057,9.766,-106.323
0.338,2.112,-0.050,-45.898,6.348,-146.118
0.225,1.969,-0.043,-69.641,4.761,-180.847
0.095,1.794,-0.007,-92.041,4.822,-212.891
-0.032,1.631,0.009,-114.197,4.395,-242.126
-0.155,1.432,0.056,-132.263,5.920,-265.564
-0.291,1.224,0.147,-148.865,8.606,-281.921
-0.431,0.975,0.230,-162.476,11.841,-289.673
-0.547,0.712,0.325,-173.340,17.273,-289.612
-0.668,0.451,0.414,-182.190,24.170,-284.729
-0.819,0.186,0.472,-188.782,32.715,-278.137
-1.014,-0.093,0.520,-195.862,40.161,-268.127
-1.227,-0.391,0.584,-205.811,43.579,-255.676
-1.391,-0.752,0.648,-216.064,41.199,-245.483
-1.469,-1.206,0.720,-222.351,33.325,-238.220
-1.468,-1.686,0.780,-218.933,21.851,-232.239
-1.467,-2.126,0.842,-203.308,9.827,-226.746
-1.471,-2.439,0.880,-176.453,2.563,-221.863
-1.441,-2.640,0.857,-146.912,2.625,-216.187
-1.334,-2.744,0.780,-122.620,12.817,-202.026
-1.244,-2.720,0.683,-108.459,28.198,-171.692
-1.163,-2.659,0.587,-102.356,40.405,-125.000
-1.100,-2.563,0.484,-97.656,45.471,-77.515
-1.056,-2.472,0.403,-90.271,42.419,-42.358
-0.957,-2.422,0.368,-78.735,34.119,-24.841
-0.864,-2.322,0.278,-67.261,15.381,-24.292
-0.802,-2.217,0.216,-51.514,-5.493,-32.471
-0.703,-2.118,0.221,-26.672,-17.090,-44.006
-0.591,-1.953,0.237,-4.761,-26.917,-60.303
-0.486,-1.816,0.275,9.033,-33.752,-74.463
-0.375,-1.703,0.291,11.414,-35.767,-82.275
-0.280,-1.613,0.313,8.484,-33.691,-79.651
-0.215,-1.539,0.331,5.005,-27.283,-69.458
-0.188,-1.488,0.333,-1.038,-17.578,-53.650
-0.177,-1.432,0.326,-10.132,-6.653,-35.034
-0.210,-1.396,0.308,-17.395,3.601,-16.357
-0.243,-1.391,0.299,-23.376,12.817,-2.380
-0.308,-1.402,0.284,-27.344,19.531,7.324
-0.347,-1.441,0.259,-27.039,22.949,12.146
-0.411,-1.470,0.263,-21.057,21.851,10.376
-0.448,-1.463,0.261,-13.062,16.663,1.221
-0.456,-1.442,0.264,-4.333,9.766,-10.864
-0.443,-1.401,0.267,3.967,3.113,-22.217
-0.404,-1.345,0.262,11.292,-1.343,-29.114
-0.382,-1.283,0.261,15.808,-4.333,-30.396
-0.365,-1.229,0.255,17.883,-5.981,-27.466
-0.421,-0.923,0.116,-0.122,0.122,1.465
-0.411,-0.927,0.117,-0.549,0.366,1.709
-0.409,-0.928,0.118,-0.854,0.305,2.563
-0.412,-0.927,0.120,-0.549,0.305,2.991
-0.410,-0.919,0.116,-0.183,0.488,2.258
-0.415,-0.919,0.115,0.183,0.488,1.526
-0.417,-0.918,0.113,0.610,0.366,1.099
-0.421,-0.918,0.113,0.854,0.000,0.793
-0.422,-0.918,0.114,0.854,-0.366,0.183
-0.421,-0.921,0.114,0.427,-0.488,0.061
-0.422,-0.920,0.116,0.244,-0.244,1.038
-0.421,-0.922,0.119,-0.061,-0.244,1.770
-0.419,-0.922,0.120,0.061,0.122,2.319
-0.419,-0.918,0.121,-0.183,0.183,2.808
-0.419,-0.914,0.119,-0.427,0.000,2.563
-0.416,-0.901,0.119,-0.732,-0.183,2.136
-0.410,-0.891,0.119,-0.854,-0.305,1.404
-0.411,-0.884,0.121,-1.160,-0.488,1.160
-0.413,-0.877,0.123,-1.648,-0.549,0.854
-0.402,-0.861,0.128,-1.953,-0.305,0.549
-0.389,-0.843,0.148,-1.282,-0.610,0.854
-0.359,-0.825,0.158,-1.099,-1.038,0.793
-0.339,-0.780,0.164,0.732,-1.221,-0.427
-0.329,-0.706,0.176,4.028,-0.916,-2.563
-0.320,-0.601,0.180,7.874,-0.305,-6.653
-0.300,-0.491,0.165,10.193,-0.183,-11.902
-0.317,-0.362,0.160,10.498,-0.610,-16.357
-0.293,-0.295,0.142,6.836,-0.244,-22.522
-0.250,-0.237,0.113,-1.221,1.038,-29.785
-0.254,-0.223,0.085,-10.681,2.930,-36.194
-0.283,-0.250,0.078,-22.156,6.897,-44.495
-0.370,-0.375,0.098,-35.217,10.864,-54.688
-0.488,-0.550,0.117,-49.683,11.780,-65.308
-0.576,-0.808,0.164,-65.247,12.329,-72.510
-0.674,-1.175,0.188,-77.332,12.329,-72.327
-0.759,-1.526,0.198,-83.496,11.841,-63.843
-0.867,-1.826,0.223,-81.482,11.597,-55.481
-0.970,-2.150,0.255,-75.012,10.071,-52.368
-1.035,-2.430,0.305,-67.139,6.714,-50.903
-1.055,-2.640,0.361,-59.143,2.808,-48.584
-1.066,-2.811,0.417,-54.749,-1.343,-42.847
-1.071,-2.913,0.473,-53.955,-4.456,-30.334
-1.073,-2.939,0.515,-50.476,-4.822,-12.756
-1.105,-2.937,0.565,-44.922,-5.554,7.812
-1.122,-2.925,0.608,-37.354,-7.263,30.945
-1.095,-2.864,0.652,-28.931,-10.620,59.448
-1.119,-2.869,0.716,-19.043,-15.625,93.567
-1.141,-2.923,0.765,-9.460,-17.456,128.174
-1.157,-2.965,0.808,0.061,-16.357,159.607
-1.285,-3.044,0.875,15.930,-14.832,183.289
-1.401,-3.051,0.910,40.344,-11.597,195.679
-1.455,-2.929,0.922,74.585,-8.301,202.393
-1.513,-2.693,0.919,112.061,-8.606,206.970
-1.616,-2.420,0.904,145.874,-11.841,210.083
-1.658,-2.121,0.863,175.476,-15.381,213.135
-1.632,-1.731,0.801,201.416,-19.592,218.262
-1.607,-1.287,0.723,221.375,-28.076,227.539
-1.552,-0.871,0.654,234.375,-37.292,237.793
-1.453,-0.541,0.588,240.479,-44.250,246.399
-1.348,-0.210,0.523,241.455,-50.720,252.014
-1.242,0.034,0.456,238.037,-58.350,259.644
-1.118,0.270,0.407,233.093,-63.477,269.470
-0.986,0.500,0.395,227.661,-67.444,278.503
-0.891,0.733,0.354,219.421,-69.580,284.912
-0.697,0.890,0.384,209.229,-64.392,283.142
-0.522,1.029,0.365,194.397,-61.035,276.184
-0.422,1.163,0.347,174.744,-61.890,273.499
-0.352,1.294,0.347,158.691,-59.875,275.269
-0.267,1.420,0.358,148.865,-53.162,274.902
-0.158,1.567,0.365,141.724,-44.067,268.127
-0.059,1.719,0.384,136.658,-33.813,256.409
0.070,1.853,0.373,133.118,-23.621,238.892
0.184,1.958,0.385,130.798,-15.442,214.600
0.302,2.078,0.369,125.916,-12.451,179.626
0.384,2.201,0.349,114.868,-13.184,138.550
0.503,2.322,0.306,98.389,-10.071,89.294
0.599,2.383,0.241,77.148,-4.700,33.508
0.614,2.410,0.200,53.162,1.648,-24.292
0.515,2.389,0.186,24.902,7.019,-81.116
0.389,2.317,0.190,-6.226,12.207,-132.690
0.285,2.195,0.190,-39.734,17.212,-178.711
0.157,2.055,0.196,-72.632,21.301,-216.919
0.003,1.915,0.235,-102.722,26.062,-247.803
-0.144,1.778,0.267,-130.615,31.311,-271.973
-0.286,1.631,0.317,-157.654,37.781,-291.565
-0.430,1.438,0.388,-185.730,46.692,-303.772
-0.597,1.181,0.479,-213.806,56.641,-305.054
-0.771,0.855,0.591,-237.488,66.956,-302.368
-0.997,0.492,0.727,-252.319,77.271,-296.143
-1.340,-0.013,0.859,-263.062,82.214,-284.424
-1.585,-0.583,0.927,-272.278,84.839,-263.428
-1.707,-1.130,0.997,-275.452,89.111,-236.328
-1.799,-1.743,1.048,-268.188,81.421,-219.482
-1.802,-2.285,1.037,-249.329,62.866,-218.689
-1.672,-2.740,0.963,-220.154,43.152,-221.375
-1.506,-3.048,0.901,-183.411,32.166,-216.492
-1.388,-3.163,0.820,-148.621,30.090,-203.979
-1.299,-3.159,0.710,-120.789,36.255,-185.608
-1.198,-3.069,0.627,-101.501,48.096,-164.795
-1.140,-2.941,0.501,-92.957,57.800,-141.541
-1.060,-2.816,0.368,-94.360,63.904,-108.276
-0.985,-2.773,0.277,-94.788,64.941,-63.904
-0.949,-2.713,0.226,-90.515,55.481,-27.283
-0.870,-2.621,0.206,-79.956,38.879,-9.583
-0.750,-2.524,0.206,-61.035,21.240,-8.423
-0.606,-2.385,0.224,-40.161,5.188,-16.907
-0.463,-2.223,0.244,-19.226,-5.310,-27.222
-0.349,-2.045,0.266,-2.258,-10.254,-35.767
-0.285,-1.855,0.278,7.935,-10.559,-42.114
-0.245,-1.707,0.290,14.832,-7.629,-45.776
-0.223,-1.584,0.303,17.578,-3.967,-45.471
-0.204,-1.508,0.301,15.991,0.732,-40.894
-0.221,-1.466,0.314,12.939,7.812,-30.579
-0.235,-1.446,0.296,12.573,16.418,-17.151
-0.250,-1.408,0.259,12.146,22.278,-3.601
-0.334,-1.373,0.250,12.756,25.269,5.676
-0.380,-1.358,0.224,12.329,26.123,6.714
-0.410,-1.358,0.200,13.123,25.879,0.793
-0.418,-1.347,0.169,16.418,23.987,-6.897
-0.329,-0.963,0.148,-9.460,-0.977,-0.977
-0.332,-0.975,0.149,-8.850,-0.488,-0.793
-0.338,-0.976,0.148,-8.667,0.061,-0.244
-0.342,-0.977,0.148,-7.996,0.183,-0.549
-0.337,-0.985,0.149,-6.958,0.610,-0.977
-0.341,-0.989,0.151,-5.920,0.916,-0.183
-0.348,-0.985,0.150,-4.944,0.854,0.488
-0.353,-0.981,0.151,-4.150,0.793,0.305
-0.357,-0.984,0.153,-3.601,0.610,0.000
-0.357,-0.985,0.151,-2.991,0.671,-0.244
-0.359,-0.981,0.151,-2.319,0.854,-0.488
-0.358,-0.978,0.149,-1.221,0.854,-0.732
-0.361,-0.969,0.151,-0.793,1.343,-0.732
-0.365,-0.970,0.148,-0.916,1.099,-1.099
-0.372,-0.970,0.149,-1.770,0.671,-1.282
-0.371,-0.969,0.150,-1.465,0.793,-0.916
-0.369,-0.960,0.149,-1.221,0.793,-0.916
-0.366,-0.959,0.151,-0.977,0.366,-1.221
-0.361,-0.951,0.151,-0.549,0.305,-0.977
-0.363,-0.946,0.151,-0.122,0.671,-0.183
-0.373,-0.948,0.152,-0.305,0.549,0.366
-0.370,-0.945,0.147,-0.061,0.549,0.671
-0.372,-0.938,0.148,0.488,0.549,1.160
-0.371,-0.932,0.150,0.549,0.061,1.526
-0.366,-0.932,0.149,0.671,-0.122,1.587
-0.356,-0.926,0.147,0.427,-0.183,1.831
-0.353,-0.913,0.146,0.671,-0.244,1.831
-0.351,-0.901,0.141,0.549,-0.305,0.916
-0.352,-0.901,0.137,0.000,-0.244,-0.549
-0.352,-0.917,0.138,-0.854,-0.549,-2.075
-0.343,-0.953,0.141,-1.831,-0.916,-4.089
-0.321,-1.003,0.148,-2.808,-1.038,-5.005
-0.288,-1.078,0.156,-4.333,-1.343,-4.639
-0.259,-1.207,0.166,-6.836,-2.014,-3.784
-0.217,-1.412,0.171,-9.827,-2.380,-3.235
-0.193,-1.700,0.205,-12.146,-3.357,-3.601
-0.193,-2.044,0.241,-12.207,-5.310,-3.601
-0.248,-2.403,0.308,-13.245,-6.958,-0.916
-0.350,-2.872,0.366,-18.555,-6.470,3.723
-0.534,-3.421,0.454,-25.696,-3.052,17.151
-0.713,-3.975,0.506,-27.100,4.028,36.560
-0.859,-4.000,0.555,-24.353,14.648,55.420
-1.037,-4.000,0.591,-8.484,24.963,80.933
-1.254,-4.000,0.594,15.686,33.081,117.310
-1.448,-4.000,0.607,42.786,38.940,156.616
-1.695,-4.000,0.630,75.195,42.847,183.472
-1.948,-4.000,0.701,110.657,40.771,195.557
-2.135,-3.796,0.769,142.090,31.799,202.393
-2.310,-3.427,0.825,168.091,20.142,210.937
-2.407,-2.940,0.843,185.791,6.653,228.455
-2.484,-2.464,0.871,194.397,-7.019,256.409
-2.595,-1.972,0.885,198.242,-22.339,283.508
-2.603,-1.430,0.870,201.050,-39.368,302.856
-2.482,-0.884,0.864,207.031,-56.702,319.397
-2.303,-0.266,0.863,211.670,-73.730,332.397
-2.000,0.341,0.853,211.304,-86.121,338.135
-1.684,0.785,0.827,206.055,-93.445,338.928
-1.375,1.176,0.780,197.144,-95.764,339.417
-1.129,1.491,0.790,190.491,-94.543,343.140
-0.921,1.809,0.831,182.068,-90.759,345.886
-0.596,2.134,0.823,167.603,-79.224,342.896
-0.251,2.493,0.827,154.480,-59.814,335.693
0.058,2.848,0.779,145.264,-36.438,323.242
0.312,3.260,0.710,142.639,-11.658,299.133
0.521,3.719,0.609,145.996,7.935,259.644
0.686,4.000,0.523,146.118,21.545,201.538
0.788,4.000,0.432,132.629,29.907,126.831
0.829,4.000,0.348,104.126,34.607,47.974
0.747,4.000,0.290,63.232,34.790,-26.001
0.557,4.000,0.268,12.634,29.968,-91.919
0.355,4.000,0.265,-39.673,23.315,-152.100
0.126,3.688,0.300,-88.989,15.076,-208.435
-0.120,3.235,0.358,-131.592,6.531,-255.615
-0.355,2.770,0.455,-163.269,2.502,-292.114
-0.557,2.285,0.537,-186.584,4.150,-317.383
-0.695,1.836,0.614,-200.562,11.292,-330.505
-0.831,1.461,0.665,-205.994,21.301,-333.130
-0.965,1.149,0.709,-207.397,32.776,-330.627
-1.187,0.789,0.773,-205.200,41.504,-329.529
-1.443,0.371,0.801,-199.829,45.349,-329.041
-1.646,0.007,0.795,-196.045,45.410,-320.007
-1.883,-0.340,0.801,-196.106,42.236,-302.673
-2.110,-0.792,0.812,-203.247,35.095,-287.048
-2.240,-1.437,0.857,-211.731,23.865,-278.442
-2.244,-2.107,0.905,-211.304,7.812,-274.109
-2.153,-2.725,0.958,-197.083,-6.653,-263.977
-1.923,-3.215,0.987,-171.387,-15.320,-240.784
-1.582,-3.382,0.972,-143.494,-13.489,-205.750
-1.252,-3.249,0.896,-124.451,1.587,-164.673
-1.022,-3.088,0.794,-120.483,23.193,-117.310
-0.919,-3.059,0.685,-122.375,41.565,-70.923
-0.909,-3.123,0.585,-115.723,48.157,-39.429
-0.900,-3.129,0.470,-95.093,41.504,-32.166
-0.867,-3.139,0.358,-60.059,27.588,-47.607
-0.753,-3.112,0.328,-15.930,10.437,-82.642
-0.777,-2.812,0.226,23.560,-14.526,-125.977
-0.702,-2.504,0.174,61.829,-24.963,-155.762
-0.606,-2.231,0.141,87.341,-26.306,-166.809
-0.545,-2.001,0.127,90.332,-29.663,-163.025
-0.450,-1.809,0.106,79.041,-31.921,-147.949
-0.410,-1.633,0.125,59.753,-30.029,-123.901
-0.376,-1.494,0.142,33.875,-21.973,-91.492
-0.311,-1.425,0.148,2.686,-10.925,-51.941
-0.300,-1.406,0.170,-24.719,-0.610,-15.869
-0.313,-1.455,0.183,-43.091,8.850,12.268
-0.336,-1.470,0.186,-53.833,16.724,36.255
-0.380,-1.476,0.197,-55.115,21.179,52.979
-0.404,-1.453,0.195,-49.744,21.240,58.533
-0.412,-1.428,0.198,-41.077,18.188,52.429
-0.381,-1.401,0.194,-29.053,13.489,39.124
-0.372,-1.331,0.198,-16.296,7.141,22.888
-0.337,-1.255,0.191,-5.249,1.160,7.568
-0.301,-1.195,0.185,2.380,-3.357,-3.845
-0.296,-1.149,0.187,7.507,-6.897,-11.658
-0.289,-1.115,0.179,11.108,-8.972,-17.395
-0.280,-1.110,0.173,12.512,-9.644,-19.043
-0.318,-1.086,0.180,13.733,-9.216,-17.517
-0.324,-1.083,0.176,14.832,-7.141,-14.221
-0.304,-1.061,0.168,16.235,-4.089,-11.353